"first_name","second_name","goals_scored","assist","total_points","minutes","goals_conceded","creativity","influence","threat","bonus","bps","ict_index","clean_sheets","red_card","yellow_card","selected_by_percent","value","position"
"David","Ospina","0","0","2","143","4","0.0","28.8","0.0","0","18","2.9","0","0","0","0.2","47","GK"
"Petr","Cech","0","0","134","3097","37","0.1","819.8","0.0","2","660","82.0","12","0","2","13.7","54","GK"
"Laurent","Koscielny","2","1","121","2821","37","53.9","831.2","239.0","19","723","112.7","10","1","4","11.2","61","DEF"
"Per","Mertesacker","0","0","1","38","1","0.1","17.8","0.0","0","5","1.8","0","0","0","0.2","48","DEF"
"Gabriel Armando","de Abreu","0","0","45","1517","18","84.5","295.8","119.0","2","296","50.0","5","0","6","0.8","48","DEF"
"Héctor","Bellerín","1","5","119","2503","34","508.3","437.6","395.0","12","569","133.8","10","0","4","13.9","65","DEF"
"Kieran","Gibbs","0","1","45","702","3","171.4","142.4","117.0","3","201","43.1","6","0","3","1.7","47","DEF"
"Mathieu","Debuchy","0","0","1","15","0","1.4","1.0","0.0","0","2","0.2","0","0","0","0.2","46","DEF"
"Carl","Jenkinson","0","0","2","82","1","2.0","19.4","0.0","0","12","2.1","0","0","0","0.1","48","DEF"
"Nacho","Monreal","0","3","115","3153","43","280.3","554.0","220.0","9","681","105.8","11","0","5","6.4","59","DEF"
"Calum","Chambers","2","1","83","2250","37","107.0","692.2","80.0","7","499","88.0","7","0","4","3.4","43","DEF"
"Alexis","Sánchez","24","11","264","3217","41","1278.3","1357.8","1896.0","32","834","453.4","13","0","6","29.7","117","MID"
"Theo","Walcott","10","3","122","1916","26","280.5","541.8","1023.0","7","380","184.1","8","0","1","4.2","72","MID"
"Mesut","Özil","8","11","167","2841","30","1649.3","834.4","734.0","19","729","322.0","12","0","2","7.5","95","MID"
"Santiago","Cazorla","2","2","38","618","5","221.7","198.2","89.0","5","159","50.8","4","0","2","1.4","70","MID"
"Aaron","Ramsey","1","4","56","1236","20","361.2","257.2","496.0","3","240","111.3","4","0","3","1.1","76","MID"
"Jack","Wilshere","0","3","61","1950","45","544.4","308.4","321.0","2","312","116.8","5","0","4","0.5","58","MID"
"Alex","Oxlade-Chamberlain","2","7","83","1564","22","519.9","435.4","416.0","3","393","137.5","4","0","1","1.4","58","MID"
"Serge","Gnabry","0","0","0","0","0","0.0","0.0","0.0","0","0","0.0","0","0","0","0.0","50","MID"
"Francis","Coquelin","0","1","52","1779","27","314.1","291.6","117.0","1","303","72.4","5","0","5","1.9","42","MID"
"Alex","Iwobi","3","5","89","1456","20","467.8","326.4","592.0","8","352","138.7","9","0","1","1.1","53","MID"
"Mohamed","Elneny","0","1","26","694","9","108.6","89.0","116.0","0","133","31.1","3","0","1","0.4","45","MID"
"Joel","Campbell","0","0","0","0","0","0.0","0.0","0.0","0","0","0.0","0","0","0","0.0","59","MID"
"Granit","Xhaka","2","3","85","2483","32","626.2","488.8","193.0","7","506","130.8","10","2","5","3.2","52","MID"
"Olivier","Giroud","12","5","116","1206","16","275.1","522.6","797.0","17","432","158.9","4","0","2","4.7","81","FWD"
"Danny","Welbeck","2","2","37","748","11","89.9","144.8","321.0","0","117","55.5","3","0","0","0.8","73","FWD"
"Yaya","Sanogo","0","0","0","0","0","0.0","0.0","0.0","0","0","0.0","0","0","0","0.1","46","FWD"
"Takuma","Asano","0","0","0","0","0","0.0","0.0","0.0","0","0","0.0","0","0","0","0.0","49","FWD"
"Artur","Boruc","0","0","120","3150","63","10.0","815.4","0.0","7","657","82.4","9","0","2","6.2","45","GK"
"Adam","Federici","0","0","8","180","3","0.0","34.4","0.0","1","37","3.5","1","0","1","0.1","44","GK"
"Simon","Francis","0","1","89","2938","54","291.2","748.2","130.0","7","639","117.3","10","1","4","1.4","45","DEF"
"Steve","Cook","2","0","112","3420","67","66.2","1123.0","391.0","17","777","158.2","10","0","5","3.2","48","DEF"
"Charlie","Daniels","4","3","134","3060","53","528.3","698.2","302.0","14","692","152.9","10","0","1","9.9","52","DEF"
"Adam","Smith","1","5","104","3101","61","509.8","566.6","242.0","12","645","132.1","8","0","6","7.0","46","DEF"
"Tyrone","Mings","0","0","4","506","16","18.3","125.4","45.0","2","89","18.9","0","0","0","0.0","45","DEF"
"Nathan","Aké","3","1","55","834","20","55.5","373.2","147.0","8","267","57.5","3","0","1","6.1","39","DEF"
"Harry","Arter","1","4","84","2956","62","533.0","482.0","343.0","6","513","135.4","9","1","11","0.3","50","MID"
"Marc","Pugh","2","3","64","1329","24","304.6","238.6","290.0","6","224","83.3","5","0","1","0.4","46","MID"
"Andrew","Surman","0","1","44","1800","38","223.8","256.8","90.0","0","288","57.0","4","1","1","0.1","46","MID"
"Eunan","O'Kane","0","0","0","0","0","0.0","0.0","0.0","0","0","0.0","0","0","0","0.3","44","MID"
"Shaun","MacDonald","0","0","0","0","0","0.0","0.0","0.0","0","0","0.0","0","0","0","0.1","45","MID"
"Junior","Stanislas","7","6","107","1467","29","406.9","454.6","418.0","13","372","128.0","4","0","1","1.3","46","MID"
"Dan","Gosling","2","0","49","1366","24","181.7","254.0","168.0","2","254","60.5","4","0","6","0.1","47","MID"
"Max","Gradel","0","0","8","134","1","18.2","24.6","70.0","0","24","10.8","0","0","3","0.1","50","MID"
"Emerson","Hyndman","0","0","0","0","0","0.0","0.0","0.0","0","0","0.0","0","0","0","0.0","44","MID"
"Jordon","Ibe","0","0","36","1055","22","268.3","113.0","235.0","0","133","61.5","3","0","0","1.1","49","MID"
"Lewis","Cook","0","2","17","432","7","89.8","100.8","28.0","1","81","21.8","1","0","1","0.8","42","MID"
"Joshua","King","16","3","178","2714","54","474.6","835.2","1007.0","17","553","231.6","9","0","1","19.3","62","MID"
"Callum","Wilson","6","1","63","1361","25","125.7","229.0","487.0","2","170","82.2","6","0","0","1.1","60","FWD"
"Tokelo","Rantie","0","0","0","0","0","0.0","0.0","0.0","0","0","0.0","0","0","0","0.3","45","FWD"
"Lewis","Grabban","0","1","6","60","2","11.8","24.2","17.0","0","17","5.3","0","0","0","2.9","43","FWD"
"Benik","Afobe","6","5","88","1458","24","320.7","350.0","639.0","9","259","130.8","5","0","1","1.2","53","FWD"
"Lys","Mousset","0","1","14","270","4","39.6","27.8","109.0","0","22","16.1","1","0","0","0.1","51","FWD"
"Tom","Heaton","0","0","149","3150","48","30.3","1001.6","0.0","21","741","103.2","10","0","1","18.6","51","GK"
"Matthew","Lowton","0","2","90","3240","53","491.5","770.6","80.0","5","631","134.2","9","0","9","0.8","45","DEF"
"Ben","Mee","1","2","94","3015","49","93.7","890.0","281.0","6","592","126.7","9","0","5","2.2","44","DEF"
"Stephen","Ward","1","1","91","3230","53","409.9","644.6","128.0","3","596","118.3","8","0","5","1.6","45","DEF"
"Michael","Keane","2","1","113","3150","49","96.7","930.8","557.0","10","619","158.6","10","0","4","3.3","50","DEF"
"James","Tarkowski","0","0","23","568","11","53.4","146.2","81.0","0","111","27.5","1","0","1","1.8","40","DEF"
"Tendayi","Darikwa","0","0","0","0","0","0.0","0.0","0.0","0","0","0.0","0","0","0","0.1","42","DEF"
"David","Jones","0","0","1","86","1","11.7","0.0","2.0","0","8","1.3","0","0","1","0.0","50","MID"
"George","Boyd","2","2","92","2837","45","268.4","330.6","376.0","2","386","97.2","9","0","3","0.2","51","MID"
"Scott","Arfield","1","2","69","2103","36","556.5","210.2","393.0","3","253","115.7","6","0","3","0.1","52","MID"
"Dean","Marney","1","2","51","1764","28","88.7","244.4","73.0","1","239","40.5","5","0","7","0.4","43","MID"
"Fredrik","Ulvestad","0","0","0","0","0","0.0","0.0","0.0","0","0","0.0","0","0","0","0.1","44","MID"
"Michael","Kightly","0","0","6","104","1","9.3","2.8","4.0","0","20","1.5","0","0","0","0.6","42","MID"
"Sam","Vokes","10","4","121","2064","34","248.1","500.0","907.0","12","394","164.6","5","0","0","3.2","57","FWD"
"Andre","Gray","9","3","108","2260","33","320.2","415.6","648.0","10","303","137.4","8","0","2","4.0","60","FWD"
"Lukas","Jutkiewicz","0","0","2","13","0","1.0","0.4","2.0","0","5","0.3","0","0","0","0.6","43","FWD"
"Ashley","Barnes","6","3","81","1774","27","277.1","328.8","663.0","10","241","125.5","6","1","6","4.3","46","FWD"
"Rouwen","Hennings","0","0","0","0","0","0.0","0.0","0.0","0","0","0.0","0","0","0","0.0","45","FWD"
"Chris","Long","0","0","0","0","0","0.0","0.0","0.0","0","0","0.0","0","0","0","0.3","45","FWD"
"Thibaut","Courtois","0","0","141","3240","28","0.0","517.6","0.0","0","623","52.0","16","0","1","14.1","59","GK"
"Asmir","Begovic","0","0","2","180","5","0.0","13.2","0.0","0","17","1.3","0","0","0","0.2","46","GK"
"John","Terry","1","0","21","496","9","24.3","104.6","104.0","0","97","23.3","1","0","1","1.9","52","DEF"
"Branislav","Ivanovic","0","1","23","589","9","69.4","114.6","112.0","2","143","29.4","1","0","2","2.7","56","DEF"
"César","Azpilicueta","1","5","170","3420","33","422.8","792.8","150.0","22","872","136.8","16","0","4","18.1","64","DEF"
"Gary","Cahill","6","0","178","3296","29","100.8","831.6","400.0","15","778","133.3","17","0","5","15.3","67","DEF"
"Kurt","Zouma","0","1","15","250","8","13.5","60.6","4.0","3","69","7.8","0","0","0","0.3","53","DEF"
"Abdul Rahman","Baba","0","0","0","0","0","0.0","0.0","0.0","0","0","0.0","0","0","0","0.0","55","DEF"
"Matt","Miazga","0","0","0","0","0","0.0","0.0","0.0","0","0","0.0","0","0","0","0.1","44","DEF"
"Eden","Hazard","16","9","224","2985","29","1306.8","1044.6","1162.0","33","869","351.6","17","0","3","30.6","105","MID"
"Cesc","Fàbregas","5","15","121","1340","14","881.8","635.0","325.0","14","529","184.1","4","0","8","3.3","70","MID"
"Oscar","dos Santos Emboaba Junior","0","1","17","455","6","197.4","97.4","128.0","0","104","42.2","1","0","1","0.5","71","MID"
"Juan","Cuadrado","0","0","0","0","0","0.0","0.0","0.0","0","0","0.0","0","0","0","0.5","69","MID"
"Willian","Borges Da Silva","8","3","114","1534","19","809.4","491.4","522.0","13","441","182.1","6","0","3","3.5","70","MID"
"Nemanja","Matic","1","8","105","2694","24","447.1","546.8","279.0","1","550","127.5","15","0","4","3.9","48","MID"
"Ruben","Loftus-Cheek","0","0","6","35","0","3.9","3.8","25.0","0","16","3.4","0","0","0","0.1","50","MID"
"John Obi","Mikel","0","0","0","0","0","0.0","0.0","0.0","0","0","0.0","0","0","0","0.1","44","MID"
"Pedro","Rodríguez Ledesma","9","10","162","2140","15","697.9","639.0","669.0","18","580","198.8","15","0","6","8.5","68","MID"
"Bertrand","Traore","0","0","0","0","0","0.0","0.0","0.0","0","0","0.0","0","0","0","0.0","54","MID"
"Victor","Moses","3","3","105","2485","15","456.2","528.6","683.0","6","476","166.7","17","0","4","2.2","55","MID"
"Marco","Van Ginkel","0","0","0","0","0","0.0","0.0","0.0","0","0","0.0","0","0","0","0.0","49","MID"
"Robert Kenedy","Nunes do Nascimento","0","0","3","90","3","11.8","1.8","46.0","0","8","6.0","0","0","0","0.0","51","MID"
"N'Golo","Kanté","1","1","83","3138","33","432.8","515.4","244.0","1","554","119.0","13","0","9","11.7","47","MID"
"Michy","Batshuayi","5","1","48","254","3","40.9","193.2","277.0","4","169","50.7","0","0","0","1.2","84","FWD"
"Diego","Da Silva Costa","20","11","196","3083","30","687.9","982.6","1891.0","25","657","355.0","14","0","10","32.2","104","FWD"
"Loïc","Remy","0","0","6","134","3","26.9","20.0","60.0","0","17","10.2","1","0","0","0.2","62","FWD"
"Julian","Speroni","0","0","0","0","0","0.0","0.0","0.0","0","0","0.0","0","0","0","0.2","43","GK"
"Wayne","Hennessey","0","0","92","2610","46","31.1","600.4","0.0","4","497","63.2","7","0","1","3.1","43","GK"
"Alex","McCarthy","0","0","0","0","0","0.0","0.0","0.0","0","0","0.0","0","0","0","0.1","43","GK"
"Steve","Mandanda","0","0","19","810","17","0.0","182.8","0.0","0","120","18.2","0","0","0","1.9","42","GK"
"James","Tomkins","3","0","75","1974","36","35.7","471.0","213.0","5","359","72.1","6","0","4","0.2","48","DEF"
"Scott","Dann","3","1","61","1752","36","73.1","459.0","426.0","4","310","96.0","2","0","2","2.1","51","DEF"
"Joel","Ward","0","1","86","3417","63","263.7","608.2","129.0","7","568","100.4","7","0","7","0.9","48","DEF"
"Martin","Kelly","0","2","46","2124","44","125.1","421.8","61.0","0","323","61.0","2","0","4","0.6","42","DEF"
"Damien","Delaney","0","2","51","2014","39","79.6","496.6","67.0","3","344","64.1","3","0","8","0.5","48","DEF"
"Pape","Souaré","0","0","6","270","3","33.5","53.6","9.0","0","37","9.7","0","0","0","0.2","41","DEF"
"Yannick","Bolasie","1","4","45","1048","14","326.7","238.0","252.0","3","172","81.8","3","0","3","1.7","56","MID"
"Jason","Puncheon","0","6","92","3093","53","941.8","500.2","448.0","6","500","188.7","7","0","9","0.7","51","MID"
"Wilfried","Zaha","7","11","149","3019","56","606.4","740.4","865.0","13","481","221.2","7","0","8","11.9","58","MID"
"Mile","Jedinak","0","0","2","90","1","31.2","11.8","0.0","0","8","4.3","0","0","0","0.1","45","MID"
"Joe","Ledley","1","1","40","1160","26","109.9","158.2","48.0","1","201","31.5","2","0","1","0.4","43","MID"
"James","McArthur","5","3","93","1999","39","284.5","400.4","300.0","8","363","97.7","3","0","5","1.0","47","MID"
"Jordon","Mutch","0","0","4","53","1","14.1","15.6","0.0","0","17","3.1","0","0","0","0.3","42","MID"
"Jonathan","Williams","0","0","0","0","0","0.0","0.0","0.0","0","0","0.0","0","0","0","0.0","45","MID"
"Chung-yong","Lee","0","1","24","471","13","125.0","71.2","44.0","0","103","23.9","2","0","0","0.3","42","MID"
"Yohan","Cabaye","4","4","91","2125","41","568.0","427.4","478.0","6","411","146.8","7","0","7","1.1","56","MID"
"Bakary","Sako","0","0","7","142","5","31.6","21.8","32.0","0","29","8.7","0","0","0","0.0","53","MID"
"Andros","Townsend","3","7","116","2520","38","852.4","552.4","511.0","16","492","191.3","7","0","4","2.2","57","MID"
"Fraizer","Campbell","1","0","16","165","4","25.9","42.4","84.0","0","56","15.2","0","0","0","1.0","44","FWD"
"Connor","Wickham","2","0","18","412","6","36.2","87.6","132.0","0","59","25.0","0","0","1","0.3","55","FWD"
"Joel","Robles","0","1","89","1737","20","10.0","439.2","0.0","5","407","44.9","10","0","2","0.9","47","GK"
"Maarten","Stekelenburg","0","0","68","1683","24","0.1","350.4","0.0","3","309","35.1","4","0","2","1.7","47","GK"
"Leighton","Baines","2","5","135","2819","34","695.0","570.8","151.0","15","647","141.9","11","0","4","11.0","58","DEF"
"Seamus","Coleman","4","4","133","2316","28","308.9","596.0","297.0","15","548","120.3","10","0","3","4.0","56","DEF"
"Phil","Jagielka","3","3","104","2251","32","71.7","751.4","278.0","16","533","110.1","6","1","4","7.5","49","DEF"
"John","Stones","0","0","59","2014","29","78.0","441.4","174.0","4","435","69.7","4","0","1","13.3","46","DEF"
"Brendan","Galloway","0","0","9","247","3","18.4","33.0","25.0","0","44","7.5","1","0","0","0.2","40","DEF"
"Tyias","Browning","0","0","0","0","0","0.0","0.0","0.0","0","0","0.0","0","0","0","2.0","39","DEF"
"Matthew","Pennington","1","0","9","180","6","10.7","63.8","33.0","0","37","10.8","0","0","0","0.9","39","DEF"
"Ramiro","Funes Mori","0","1","69","1543","19","64.0","346.2","129.0","4","365","54.0","7","0","0","1.4","45","DEF"
"Kevin","Mirallas","4","8","119","2074","26","682.1","439.6","739.0","8","420","185.4","11","0","2","2.2","59","MID"
"Ross","Barkley","5","11","144","2900","36","1237.6","692.4","973.0","11","534","290.3","12","0","5","6.6","70","MID"
"Tom","Cleverley","0","3","55","1848","40","438.1","255.2","93.0","0","294","78.7","3","0","4","0.1","51","MID"
"James","McCarthy","1","1","23","613","10","80.4","119.8","84.0","0","100","28.6","0","0","2","0.2","47","MID"
"Gareth","Barry","2","1","68","2109","28","400.6","509.4","244.0","3","371","115.0","7","0","10","3.2","43","MID"
"Darron","Gibson","0","0","17","640","12","51.5","72.4","16.0","0","101","13.8","1","0","4","0.1","43","MID"
"Muhamed","Besic","0","0","0","0","0","0.0","0.0","0.0","0","0","0.0","0","0","0","0.0","43","MID"
"Bryan","Oviedo","0","0","29","1323","26","155.4","250.6","37.0","0","223","44.4","3","0","4","0.1","42","MID"
"Gerard","Deulofeu","0","0","13","460","6","150.8","54.6","115.0","0","53","32.0","0","0","1","0.8","59","MID"
"Aaron","Lennon","0","1","22","509","5","93.4","78.0","54.0","0","104","22.3","2","0","0","0.2","55","MID"
"Romelu","Lukaku","25","6","221","3266","42","701.4","1171.6","1670.0","33","824","354.1","13","0","3","32.2","101","FWD"
"Arouna","Koné","0","0","6","78","3","19.6","7.8","22.0","0","17","4.9","0","0","0","0.7","51","FWD"
"Oumar","Niasse","4","1","44","1096","30","163.0","205.8","417.0","3","125","76.8","2","1","3","0.4","55","FWD"
"Allan","McGregor","0","0","0","0","0","0.0","0.0","0.0","0","0","0.0","0","0","0","0.0","44","GK"
"Eldin","Jakupovic","0","0","86","1980","36","0.3","554.2","4.0","7","431","55.8","5","0","0","21.9","41","GK"
"Brian","Lenihan","0","0","0","0","0","0.0","0.0","0.0","0","0","0.0","0","0","0","1.1","39","DEF"
"Curtis","Davies","0","2","38","2135","53","33.0","644.6","128.0","3","368","80.5","1","0","4","1.3","49","DEF"
"Michael","Dawson","3","0","46","1722","44","46.3","573.6","236.0","4","311","85.5","1","0","4","0.5","42","DEF"
"Moses","Odubajo","0","0","0","0","0","0.0","0.0","0.0","0","0","0.0","0","0","0","0.0","44","DEF"
"Andrew","Robertson","1","2","73","2736","59","352.8","502.6","100.0","4","488","95.6","5","0","5","1.9","44","DEF"
"Harry","Maguire","2","3","71","2307","53","157.2","707.6","439.0","5","483","130.6","4","0","5","0.8","44","DEF"
"Alex","Bruce","0","0","0","0","0","0.0","0.0","0.0","0","0","0.0","0","0","0","0.1","40","DEF"
"Robert","Snodgrass","7","6","133","2548","56","1050.1","550.2","538.0","16","503","212.3","3","0","2","6.3","55","MID"
"Sam","Clucas","3","1","87","3186","75","344.2","482.2","405.0","4","509","122.5","5","1","9","0.2","47","MID"
"Jake","Livermore","1","1","77","2970","62","323.5","556.4","283.0","2","458","116.5","4","1","5","0.1","47","MID"
"Ahmed","Elmohamady","0","2","62","2523","63","428.6","464.4","108.0","1","428","99.9","3","1","3","0.2","46","MID"
"Mohamed","Diamé","0","0","0","0","0","0.0","0.0","0.0","0","0","0.0","0","0","0","0.0","55","MID"
"Tom","Huddlestone","1","2","62","2025","47","300.3","344.4","130.0","5","348","77.6","4","1","5","0.2","45","MID"
"David","Meyler","1","0","33","962","23","123.6","164.6","81.0","0","179","37.1","2","0","2","0.2","44","MID"
"Shaun","Maloney","1","2","24","283","7","70.4","104.6","58.0","2","86","23.4","1","0","0","0.5","43","MID"
"Abel","Hernández","4","4","72","1425","23","190.4","219.4","532.0","6","208","93.6","4","0","0","0.9","59","FWD"
"Adama","Diomande","2","0","42","1171","29","195.4","141.0","259.0","2","127","58.7","2","0","1","3.6","43","FWD"
"Kasper","Schmeichel","0","0","109","2666","47","0.0","757.4","0.0","10","585","75.8","8","0","1","6.0","49","GK"
"Ron-Robert","Zieler","0","0","17","754","16","0.0","136.0","2.0","0","119","13.9","1","0","0","0.3","44","GK"
"Wes","Morgan","1","1","63","2430","45","48.4","480.0","284.0","0","360","81.4","5","0","3","10.3","46","DEF"
"Christian","Fuchs","2","4","104","3103","57","536.4","802.0","152.0","10","679","149.4","8","0","10","5.7","53","DEF"
"Jeffrey","Schlupp","0","2","47","1139","17","100.4","214.2","65.0","4","237","38.1","3","0","0","0.3","47","DEF"
"Marcin","Wasilewski","0","0","1","90","2","0.3","10.8","0.0","0","10","1.1","0","0","0","1.8","39","DEF"
"Ritchie","de Laet","0","0","0","0","0","0.0","0.0","0.0","0","0","0.0","0","0","0","0.1","44","DEF"
"Danny","Simpson","0","3","85","2988","50","199.0","531.2","50.0","4","529","77.9","9","0","12","2.1","49","DEF"
"Robert","Huth","2","2","88","2926","49","69.4","701.0","477.0","1","479","124.9","9","0","9","1.8","49","DEF"
"Yohan","Benalouane","0","0","27","917","15","22.0","158.2","54.0","0","156","23.6","4","0","4","1.0","40","DEF"
"Luis","Hernández","0","0","3","327","8","62.0","57.6","0.0","0","50","12.0","0","0","1","0.3","42","DEF"
"Riyad","Mahrez","6","4","120","2826","48","802.1","573.0","898.0","9","437","227.8","9","0","4","8.2","89","MID"
"Marc","Albrighton","2","6","95","2412","47","719.8","483.8","272.0","3","468","147.6","8","0","5","2.5","50","MID"
"Andy","King","1","0","41","1446","26","122.7","258.4","167.0","1","217","54.9","1","0","4","0.2","47","MID"
"Daniel","Drinkwater","1","1","69","2466","44","307.1","401.8","213.0","3","384","92.0","8","0","6","3.6","53","MID"
"Gökhan","Inler","0","0","0","0","0","0.0","0.0","0.0","0","0","0.0","0","0","0","0.1","44","MID"
"Demarai","Gray","1","4","58","1049","20","268.8","220.4","233.0","0","210","72.2","4","0","2","0.5","48","MID"
"Daniel","Amartey","1","1","53","1673","35","204.0","254.4","109.0","3","262","57.0","4","0","3","0.2","43","MID"
"Nampalys","Mendy","0","0","6","269","5","24.9","16.8","0.0","0","26","4.0","1","0","1","0.3","44","MID"
"Jamie","Vardy","13","8","161","2801","57","450.4","629.8","955.0","24","555","202.5","7","1","2","13.9","99","FWD"
"Leonardo","Ulloa","1","0","24","447","5","55.7","60.8","262.0","1","56","37.4","2","0","0","0.1","55","FWD"
"Shinji","Okazaki","3","1","63","1565","26","262.0","181.2","471.0","3","220","90.4","7","0","1","1.6","56","FWD"
"Ahmed","Musa","2","0","39","761","20","120.8","132.6","232.0","5","131","47.7","1","0","1","3.0","69","FWD"
"Simon","Mignolet","0","0","110","2520","30","0.0","461.2","0.0","7","506","46.0","9","0","0","3.5","48","GK"
"Loris","Karius","0","0","32","900","12","0.0","149.4","0.0","0","153","15.0","3","0","0","0.7","43","GK"
"Mamadou","Sakho","0","0","35","686","6","48.7","143.4","40.0","6","155","23.2","4","0","0","0.6","47","DEF"
"Dejan","Lovren","2","1","106","2553","31","119.2","715.4","236.0","6","589","107.1","11","0","6","5.6","49","DEF"
"Alberto","Moreno","0","1","15","305","7","78.3","64.6","32.0","1","79","17.5","0","0","1","1.4","44","DEF"
"Nathaniel","Clyne","0","2","129","3323","41","716.5","512.0","294.0","13","735","152.4","12","0","0","10.3","59","DEF"
"Jon","Flanagan","0","0","9","360","4","16.4","63.8","0.0","0","55","8.0","1","0","2","0.2","43","DEF"
"Joseph","Gomez","0","0","0","0","0","0.0","0.0","0.0","0","0","0.0","0","0","0","0.0","48","DEF"
"Connor","Randall","0","0","0","0","0","0.0","0.0","0.0","0","0","0.0","0","0","0","1.7","39","DEF"
"Bradley","Smith","0","0","4","269","9","30.3","28.6","27.0","0","35","8.6","0","0","1","2.5","39","DEF"
"Kevin","Stewart","0","0","4","20","0","0.4","3.6","0.0","0","12","0.4","0","0","0","0.1","42","DEF"
"Joel","Matip","1","0","97","2457","25","143.3","588.6","348.0","7","557","108.0","9","0","3","3.2","54","DEF"
"Leiva","Lucas","0","3","47","1112","17","102.9","306.4","99.0","2","240","51.1","4","0","4","0.2","44","MID"
"Jordan","Henderson","1","4","73","2116","28","554.3","507.4","93.0","9","467","115.5","7","0","8","1.0","62","MID"
"Joe","Allen","6","3","118","2930","49","539.8","576.8","675.0","10","525","179.4","10","0","9","6.4","49","MID"
"Philippe","Coutinho","13","8","171","2228","27","1081.8","860.0","1125.0","21","631","306.5","8","0","2","26.0","87","MID"
"Emre","Can","5","2","104","2371","28","544.5","512.2","500.0","12","436","155.3","9","0","6","3.0","48","MID"
"Adam","Lallana","8","7","139","2338","32","693.0","679.4","825.0","14","543","219.5","9","0","3","9.1","67","MID"
"Lazar","Markovic","2","0","37","1005","15","160.3","142.2","185.0","2","125","48.5","5","0","4","0.1","52","MID"
"Oluwaseyi","Ojo","0","0","0","0","0","0.0","0.0","0.0","0","0","0.0","0","0","0","0.0","47","MID"
"James","Milner","7","4","139","3154","35","937.0","919.0","493.0","16","682","235.2","12","0","5","4.8","63","MID"
"Roberto","Firmino","11","11","180","3062","39","1127.3","869.6","1569.0","17","639","356.9","11","0","5","8.8","85","MID"
"Cameron","Brannagan","0","0","0","0","0","0.0","0.0","0.0","0","0","0.0","0","0","0","0.1","42","MID"
"Pedro","Chirivella","0","0","0","0","0","0.0","0.0","0.0","0","0","0.0","0","0","0","0.1","42","MID"
"Sadio","Mané","13","7","156","2242","26","660.7","727.0","1074.0","14","502","246.0","8","0","4","7.8","93","MID"
"Christian","Benteke","15","2","136","3131","58","484.4","640.2","1762.0","13","382","286.1","7","0","10","9.5","72","FWD"
"Daniel","Sturridge","3","5","54","775","7","207.4","202.8","492.0","2","180","89.7","3","0","1","1.9","97","FWD"
"Mario","Balotelli","0","0","0","0","0","0.0","0.0","0.0","0","0","0.0","0","0","0","0.2","63","FWD"
"Danny","Ings","0","0","0","0","0","0.0","0.0","0.0","0","0","0.0","0","0","0","0.2","54","FWD"
"Divock","Origi","7","4","96","1469","18","264.4","360.0","551.0","8","297","116.1","7","0","0","5.5","60","FWD"
"Joe","Hart","0","0","0","0","0","0.0","0.0","0.0","0","0","0.0","0","0","0","1.0","53","GK"
"Willy","Caballero","0","0","64","1452","13","0.0","266.6","0.0","1","295","26.8","6","0","0","3.8","48","GK"
"Aleksandar","Kolarov","1","1","95","2535","27","296.4","639.0","223.0","7","558","116.0","9","0","6","3.1","58","DEF"
"Pablo","Zabaleta","1","1","45","1065","18","167.7","238.6","113.0","5","230","52.1","2","0","2","1.2","47","DEF"
"Vincent","Kompany","3","0","57","820","6","32.9","249.0","123.0","6","227","40.6","5","0","5","3.2","60","DEF"
"Gaël","Clichy","1","0","87","2123","24","314.8","407.4","38.0","9","493","76.1","8","0","2","1.9","52","DEF"
"Bacary","Sagna","0","1","55","1346","14","152.1","223.2","53.0","3","316","42.8","6","0","2","1.7","53","DEF"
"Eliaquim","Mangala","0","0","0","0","0","0.0","0.0","0.0","0","0","0.0","0","0","0","0.3","54","DEF"
"Nicolás","Otamendi","1","2","100","2592","28","125.6","772.4","276.0","10","640","117.6","9","0","9","3.2","59","DEF"
"Fabian","Delph","1","0","13","224","4","42.3","68.2","43.0","0","62","15.3","0","0","1","0.1","47","MID"
"Raheem","Sterling","7","14","149","2509","27","688.3","527.0","1170.0","11","468","237.7","9","0","7","10.6","75","MID"
"Samir","Nasri","0","0","1","16","0","12.3","4.8","41.0","0","0","5.8","0","0","0","0.2","64","MID"
"David","Silva","4","9","130","2760","32","1388.4","671.2","801.0","12","621","286.2","12","0","6","2.8","86","MID"
"Gnegneri Yaya","Touré","5","0","86","1941","17","407.7","474.2","335.0","6","422","121.8","12","0","4","1.0","72","MID"
"Jesús","Navas","0","3","48","1064","17","359.9","161.0","163.0","6","245","68.3","2","0","2","0.6","61","MID"
"Fernando","Luiz Rosa","2","1","78","2755","27","575.7","546.6","364.0","3","483","148.5","10","2","4","1.5","53","MID"
"Fernando Francisco","Reges","0","0","18","568","10","65.7","115.2","29.0","1","106","21.0","1","0","3","0.2","47","MID"
"Kevin","De Bruyne","6","21","199","2877","34","1702.0","872.4","790.0","33","825","336.6","11","0","4","10.4","105","MID"
"Ilkay","Gündogan","3","1","41","704","8","209.6","186.8","199.0","2","196","59.6","3","0","0","1.3","49","MID"
"Manuel","Agudo Durán","4","3","54","777","7","238.4","210.0","411.0","2","170","85.6","3","1","3","1.0","84","MID"
"Oleksandr","Zinchenko","0","0","0","0","0","0.0","0.0","0.0","0","0","0.0","0","0","0","0.0","53","MID"
"Sergio","Agüero","20","5","175","2404","30","518.2","871.8","1853.0","32","640","323.9","8","1","4","17.6","127","FWD"
"Wilfried","Bony","2","0","29","684","12","116.9","103.0","271.0","3","92","49.0","3","0","1","0.6","69","FWD"
"Kelechi","Iheanacho","4","3","52","537","9","193.7","224.0","463.0","6","180","87.4","1","0","0","2.3","60","FWD"
"David","de Gea","0","0","136","3150","29","10.0","542.4","0.0","5","575","55.0","14","0","2","33.2","55","GK"
"Sergio","Romero","0","0","23","180","0","0.0","77.2","0.0","3","80","7.7","2","0","0","0.2","47","GK"
"Chris","Smalling","1","1","52","1217","16","36.1","342.6","95.0","1","282","47.4","4","0","0","1.1","58","DEF"
"Phil","Jones","0","0","55","1584","14","35.2","437.8","89.0","4","362","56.3","5","0","2","0.7","45","DEF"
"Guillermo","Varela","0","0","0","0","0","0.0","0.0","0.0","0","0","0.0","0","0","0","0.0","45","DEF"
"Luke","Shaw","0","3","45","688","6","160.5","139.2","64.0","4","202","36.5","4","0","1","6.4","52","DEF"
"Marcos","Rojo","1","0","77","1663","13","71.0","446.4","147.0","7","394","66.5","8","0","5","0.7","52","DEF"
"Patrick","McNair","0","0","12","353","9","51.1","30.6","28.0","0","58","10.7","1","0","0","0.2","42","DEF"
"Antonio","Valencia","1","3","120","2483","20","614.8","547.2","243.0","9","612","140.6","12","0","5","12.4","58","DEF"
"Matteo","Darmian","0","0","70","1333","8","74.0","206.0","13.0","6","319","29.4","9","0","3","1.0","50","DEF"
"Cameron","Borthwick-Jackson","0","0","0","0","0","0.0","0.0","0.0","0","0","0.0","0","0","0","0.0","44","DEF"
"Timothy","Fosu-Mensah","0","0","9","97","0","2.9","12.8","8.0","0","36","2.4","1","0","0","0.2","41","DEF"
"Daley","Blind","1","2","98","1830","17","426.6","534.0","122.0","14","525","108.2","9","0","2","4.7","52","DEF"
"Eric","Bailly","0","0","105","2058","15","31.0","481.2","98.0","14","542","61.2","13","0","4","8.3","55","DEF"
"Juan","Mata","6","3","102","1614","16","747.5","457.6","598.0","14","457","179.9","10","0","3","2.0","72","MID"
"Marouane","Fellaini","1","0","48","1604","14","281.9","299.0","333.0","0","259","90.9","10","1","8","0.3","58","MID"
"Memphis","Depay","0","0","3","24","1","1.8","1.2","4.0","0","6","0.7","0","0","1","0.2","71","MID"
"Michael","Carrick","0","0","42","1601","14","209.3","288.0","48.0","0","297","54.5","5","0","2","1.7","42","MID"
"Ashley","Young","0","1","26","760","6","167.0","147.4","61.0","1","154","37.6","4","0","2","0.1","50","MID"
"Adnan","Januzaj","0","3","49","1628","38","470.8","226.2","364.0","0","158","106.4","3","1","3","0.5","53","MID"
"Ander","Herrera","1","6","97","2465","18","720.8","593.2","276.0","11","559","159.2","13","1","5","2.2","62","MID"
"Andreas","Pereira","0","0","0","0","0","0.0","0.0","0.0","0","0","0.0","0","0","0","0.0","44","MID"
"Morgan","Schneiderlin","1","0","37","1073","14","112.3","216.2","90.0","1","214","42.0","5","0","2","0.4","45","MID"
"Bastian","Schweinsteiger","0","0","0","0","0","0.0","0.0","0.0","0","0","0.0","0","0","0","0.1","51","MID"
"Jesse","Lingard","1","3","60","1360","12","522.3","229.4","439.0","3","227","118.0","7","0","3","0.8","56","MID"
"Anthony","Martial","4","6","95","1553","13","399.1","382.8","579.0","9","302","136.2","9","0","2","2.5","92","MID"
"Henrikh","Mkhitaryan","4","1","73","1348","8","512.2","325.8","427.0","3","279","126.2","10","0","1","2.1","87","MID"
"Wayne","Rooney","5","5","76","1540","16","593.8","394.2","616.0","9","322","160.2","6","0","8","2.4","86","FWD"
"James","Wilson","0","0","0","0","0","0.0","0.0","0.0","0","0","0.0","0","0","0","0.1","50","FWD"
"Marcus","Rashford","5","3","76","1712","15","411.4","316.2","734.0","2","287","145.5","7","0","3","10.6","64","FWD"
"Zlatan","Ibrahimovic","17","7","163","2438","22","775.0","807.8","1694.0","28","540","327.3","11","0","7","22.8","114","FWD"
"Dimitrios","Konstantopoulos","0","0","0","0","0","0.0","0.0","0.0","0","0","0.0","0","0","0","0.1","41","GK"
"Víctor","Valdés","0","0","102","2520","36","0.3","607.6","2.0","10","493","61.0","8","0","1","4.3","45","GK"
"Daniel","Ayala","1","0","31","918","16","10.4","220.8","166.0","0","174","39.8","3","0","3","0.1","47","DEF"
"George","Friend","0","3","59","1964","35","169.1","436.0","213.0","6","371","82.0","4","0","4","1.8","42","DEF"
"Dael","Fry","0","0","0","0","0","0.0","0.0","0.0","0","0","0.0","0","0","0","0.5","40","DEF"
"Ben","Gibson","1","1","121","3420","53","55.7","818.4","248.0","14","682","112.2","11","0","4","8.8","49","DEF"
"Emilio","Nsue Lopez","0","0","10","320","5","31.9","47.6","38.0","0","49","11.9","1","0","0","0.2","41","DEF"
"Bernardo","Espinosa Zúñiga","0","0","35","975","13","10.0","224.8","39.0","3","198","27.4","4","0","2","0.1","42","DEF"
"Albert","Adomah","0","0","3","122","2","20.5","8.4","33.0","0","6","6.0","0","0","0","0.0","54","MID"
"Stewart","Downing","1","3","77","2214","39","566.9","324.6","283.0","3","364","117.7","7","0","1","0.4","48","MID"
"Adam","Clayton","0","2","70","2804","45","323.3","454.6","71.0","0","427","84.8","10","0","10","0.8","43","MID"
"Grant","Leadbitter","1","0","28","710","12","139.9","93.4","88.0","1","125","31.9","3","0","1","0.0","43","MID"
"Adam","Reach","0","0","0","0","0","0.0","0.0","0.0","0","0","0.0","0","0","0","0.0","44","MID"
"Adam","Forshaw","0","2","77","2695","36","511.6","275.6","240.0","3","401","102.5","9","0","4","0.4","45","MID"
"Carlos","De Pena","0","0","0","0","0","0.0","0.0","0.0","0","0","0.0","0","0","0","0.2","42","MID"
"Julien","de Sart","0","0","0","0","0","0.0","0.0","0.0","0","0","0.0","0","0","0","0.0","43","MID"
"Viktor","Fischer","0","3","25","438","6","121.7","82.6","165.0","0","91","37.0","1","0","0","0.2","49","MID"
"Marten","de Roon","4","1","91","2773","44","245.8","370.6","390.0","5","399","100.1","8","0","8","1.8","43","MID"
"David","Nugent","0","0","4","43","0","3.3","3.4","2.0","0","11","0.7","0","0","0","0.2","46","FWD"
"Jordan","Rhodes","0","0","8","211","2","28.0","21.6","104.0","0","21","15.4","0","0","0","0.2","54","FWD"
"Cristhian","Stuani","4","0","54","1355","15","132.4","224.0","430.0","4","203","78.3","4","0","4","2.4","46","FWD"
"Fraser","Forster","0","0","134","3420","48","10.0","553.6","0.0","4","625","56.4","14","0","3","5.0","50","GK"
"Paulo","Gazzaniga","0","0","0","0","0","0.0","0.0","0.0","0","0","0.0","0","0","0","0.0","45","GK"
"Ryan","Bertrand","2","5","123","2507","36","442.4","517.4","255.0","9","575","121.5","12","0","3","3.9","56","DEF"
"Jose","Fonte","0","0","98","2934","46","128.0","654.4","221.0","10","592","100.2","11","0","4","3.2","53","DEF"
"Maya","Yoshida","1","1","78","2070","32","62.8","532.6","277.0","8","469","87.5","7","0","2","5.9","45","DEF"
"Matt","Targett","0","0","12","373","4","87.9","64.6","12.0","0","80","16.5","1","0","0","0.2","41","DEF"
"Florin","Gardos","0","0","0","0","0","0.0","0.0","0.0","0","0","0.0","0","0","0","0.1","40","DEF"
"Cédric","Soares","0","3","102","2515","36","648.9","591.0","155.0","11","584","139.6","11","0","7","2.7","49","DEF"
"Cuco","Martina","0","0","31","592","6","114.7","94.2","20.0","5","140","22.7","3","0","0","0.4","43","DEF"
"Virgil","van Dijk","1","0","75","1852","23","81.1","546.2","232.0","14","435","86.0","7","1","3","5.3","56","DEF"
"Nathan","Redmond","7","1","126","2898","40","880.3","545.6","1021.0","13","483","243.8","12","1","2","7.4","59","MID"
"Steven","Davis","0","3","77","2643","37","573.0","437.6","379.0","0","450","138.9","10","0","3","0.5","51","MID"
"James","Ward-Prowse","4","4","92","1883","26","729.1","427.4","448.0","5","377","160.7","9","0","4","1.4","50","MID"
"Harrison","Reed","0","0","3","64","1","1.4","11.0","0.0","0","16","1.3","0","0","0","0.1","43","MID"
"Dusan","Tadic","3","7","108","2411","29","1144.1","455.4","819.0","4","376","242.0","13","0","4","2.0","69","MID"
"Jordy","Clasie","1","1","38","1022","15","129.1","122.4","94.0","3","157","33.3","2","0","3","0.1","46","MID"
"Oriol","Romeu Vidal","1","0","80","3071","42","280.5","585.6","240.0","4","566","110.7","13","0","11","0.8","44","MID"
"Jay","Rodriguez","5","2","73","893","15","132.8","255.2","507.0","8","170","89.4","3","0","0","0.3","59","MID"
"Pierre-Emile","Højbjerg","0","0","38","1300","16","305.0","222.0","216.0","0","232","74.1","6","0","2","1.6","42","MID"
"Shane","Long","3","2","57","1262","23","231.6","201.6","584.0","2","159","100.1","2","0","2","3.0","61","FWD"
"Charlie","Austin","6","1","62","934","8","134.3","274.2","573.0","10","218","97.9","6","0","1","1.8","63","FWD"
"Shay","Given","0","0","13","450","14","0.0","144.8","0.0","3","92","14.4","0","0","1","0.4","42","GK"
"Jack","Butland","0","0","20","450","8","0.0","121.8","0.0","2","104","12.2","2","0","0","0.9","45","GK"
"Jakob","Haugaard","0","0","0","0","0","0.0","0.0","0.0","0","0","0.0","0","0","0","0.1","43","GK"
"Ryan","Shawcross","1","2","94","3150","53","65.3","732.2","395.0","6","549","119.3","9","0","6","1.7","49","DEF"
"Marc","Wilson","0","0","0","255","7","34.5","63.0","5.0","0","29","10.3","0","0","3","2.3","38","DEF"
"Geoff","Cameron","0","1","58","1629","25","165.0","354.4","174.0","5","340","69.6","6","0","1","0.4","42","DEF"
"Erik","Pieters","0","2","103","3151","50","353.8","583.2","130.0","9","614","107.1","10","0","5","6.7","46","DEF"
"Marc","Muniesa","1","0","34","650","7","59.7","172.4","50.0","3","153","28.2","3","0","2","0.8","40","DEF"
"Phil","Bardsley","0","0","27","1168","17","146.7","155.0","51.0","0","174","35.4","3","1","4","0.1","42","DEF"
"Philipp","Wollscheid","0","0","1","180","5","3.4","36.4","10.0","0","23","5.0","0","0","1","0.2","45","DEF"
"Glen","Johnson","0","0","56","1957","34","176.1","350.0","101.0","3","376","62.8","6","0","1","0.1","47","DEF"
"Dionatan do Nascimento","Teixeira","0","0","0","0","0","0.0","0.0","0.0","0","0","0.0","0","0","0","0.4","40","DEF"
"Stephen","Ireland","0","0","0","0","0","0.0","0.0","0.0","0","0","0.0","0","0","0","0.0","44","MID"
"Charlie","Adam","1","4","59","1491","23","477.6","263.4","328.0","5","218","106.7","6","0","7","0.3","46","MID"
"Glenn","Whelan","0","1","62","2276","40","336.6","392.6","41.0","3","380","77.0","7","0","5","0.7","42","MID"
"Jonathan","Walters","4","3","72","1304","22","198.7","294.0","487.0","3","195","98.0","6","0","1","0.1","53","MID"
"Marko","Arnautovic","6","7","117","2713","43","768.7","530.4","861.0","8","401","216.2","9","1","9","1.0","71","MID"
"Ibrahim","Afellay","0","0","15","384","5","55.2","32.0","63.0","0","63","14.8","0","0","0","0.0","54","MID"
"Xherdan","Shaqiri","4","2","80","1699","21","672.9","293.6","453.0","8","275","141.6","8","0","2","3.0","60","MID"
"Giannelli","Imbula","0","1","24","796","20","111.3","65.0","44.0","1","126","22.0","2","0","1","0.1","45","MID"
"Bojan","Krkic","3","0","30","475","12","84.5","125.4","114.0","4","93","32.1","0","0","1","0.7","55","MID"
"Peter","Crouch","7","3","79","1343","23","260.9","346.6","664.0","7","262","126.8","4","0","3","3.4","44","FWD"
"Mame Biram","Diouf","1","2","51","1385","26","148.6","198.0","340.0","2","190","68.4","5","0","3","0.3","57","FWD"
"Jose Luis","Mato Sanmartín","0","0","0","0","0","0.0","0.0","0.0","0","0","0.0","0","0","0","0.1","53","FWD"
"Vito","Mannone","0","0","34","810","19","0.0","247.0","0.0","6","187","24.8","2","0","0","0.6","40","GK"
"Jordan","Pickford","0","0","102","2610","50","40.0","933.0","0.0","9","608","97.4","4","0","0","11.0","42","GK"
"Younes","Kaboul","2","0","57","1910","36","31.5","443.2","243.0","1","342","71.8","4","0","2","0.6","43","DEF"
"John","O'Shea","0","1","47","2158","42","21.3","453.4","98.0","3","335","57.0","3","0","5","0.4","44","DEF"
"Billy","Jones","1","0","56","2270","49","387.5","476.8","270.0","6","368","113.5","5","0","8","0.1","44","DEF"
"Patrick","van Aanholt","5","1","98","2498","53","534.2","616.0","383.0","9","534","153.5","5","0","3","3.6","49","DEF"
"Adam","Matthews","0","0","0","0","0","0.0","0.0","0.0","0","0","0.0","0","0","0","0.0","40","DEF"
"Lamine","Koné","1","0","69","2545","46","35.6","624.0","339.0","5","451","100.2","5","0","4","1.7","42","DEF"
"Jan","Kirchhoff","0","1","12","433","11","30.1","53.6","26.0","0","61","10.9","0","0","1","0.0","42","MID"
"Lee","Cattermole","0","0","12","633","13","47.3","65.0","12.0","0","63","12.6","0","0","4","0.1","42","MID"
"Sebastian","Larsson","0","3","40","1468","35","402.5","206.0","109.0","0","219","71.4","3","1","4","0.0","47","MID"
"Jack","Rodwell","0","1","38","1492","32","131.0","235.0","233.0","1","200","60.0","2","0","4","0.6","43","MID"
"Jeremain","Lens","0","0","2","69","1","31.3","14.2","52.0","0","12","9.7","0","0","0","0.0","59","MID"
"Wahbi","Khazri","1","0","31","849","21","332.2","112.2","203.0","3","96","64.9","1","0","6","0.1","60","MID"
"Duncan","Watmore","0","5","43","1025","20","159.7","118.6","241.0","1","125","51.4","2","0","1","0.1","47","MID"
"Fabio","Borini","2","0","49","1742","34","257.3","217.0","406.0","3","177","87.4","5","0","5","0.6","51","FWD"
"Jermain","Defoe","15","3","166","3322","63","274.5","630.4","1379.0","24","529","227.0","6","0","1","16.1","74","FWD"
"Lukasz","Fabianski","0","0","116","3330","69","0.1","780.4","0.0","8","650","78.1","8","0","1","3.6","48","GK"
"Kristoffer","Nordfeldt","0","0","3","90","1","0.0","24.8","0.0","0","12","2.5","0","0","0","3.4","39","GK"
"Kyle","Naughton","1","0","82","2714","48","407.5","589.0","216.0","7","528","121.3","8","0","5","2.1","44","DEF"
"Ashley","Williams","1","3","127","3160","40","119.1","927.6","289.0","9","739","133.9","13","1","7","8.7","52","DEF"
"Neil","Taylor","0","1","22","920","26","84.1","149.2","12.0","0","160","24.6","2","0","1","0.1","41","DEF"
"Angel","Rangel","1","0","26","831","24","122.7","221.8","54.0","1","190","40.0","1","0","1","0.2","41","DEF"
"Jordi","Amat","0","0","21","1409","36","29.2","332.2","106.0","0","237","46.8","2","0","5","7.4","38","DEF"
"Federico","Fernández","0","1","63","2430","41","38.2","579.4","206.0","4","435","82.9","6","0","7","1.9","42","DEF"
"Franck","Tabanou","0","0","0","0","0","0.0","0.0","0.0","0","0","0.0","0","0","0","0.0","44","DEF"
"Stephen","Kingsley","0","0","29","1036","20","106.8","140.2","15.0","2","192","26.2","3","0","0","8.9","39","DEF"
"Mike","van der Hoorn","1","0","16","662","20","1.2","191.6","50.0","0","125","24.3","1","0","1","0.2","43","DEF"
"Jack","Cork","0","1","50","2232","51","222.0","331.2","168.0","0","348","71.6","3","0","7","0.1","46","MID"
"Gylfi","Sigurdsson","9","13","181","3327","70","1302.7","905.4","1074.0","18","684","328.3","7","0","2","10.8","74","MID"
"Wayne","Routledge","3","2","74","1917","42","428.5","273.2","355.0","2","228","105.5","5","0","1","0.3","45","MID"
"Leon","Britton","0","0","32","1163","24","72.8","127.8","10.0","0","200","21.2","5","0","3","0.1","44","MID"
"Jay","Fulton","0","0","19","690","15","53.3","85.4","47.0","0","92","18.7","3","0","2","0.0","44","MID"
"Sung-yueng","Ki","0","1","41","1291","28","210.9","160.4","77.0","0","220","44.4","4","0","3","0.1","50","MID"
"Jefferson","Montero","0","1","18","380","9","134.3","82.4","99.0","0","76","31.5","0","0","0","0.1","50","MID"
"André","Ayew","6","3","89","1439","25","233.4","324.4","505.0","5","257","105.6","6","0","1","1.0","71","MID"
"Leroy","Fer","6","2","95","2405","49","333.9","507.6","443.0","5","429","128.3","4","0","9","4.6","48","MID"
"Nathan","Dyer","0","1","12","214","11","57.5","40.0","48.0","0","47","14.6","0","0","0","0.1","47","MID"
"Bafétimbi","Gomis","0","0","0","0","0","0.0","0.0","0.0","0","0","0.0","0","0","0","0.0","65","FWD"
"Marvin","Emnes","0","0","0","0","0","0.0","0.0","0.0","0","0","0.0","0","0","0","0.3","44","FWD"
"Modou","Barrow","0","2","34","1145","23","332.7","153.6","223.0","0","136","70.5","4","0","1","0.6","50","FWD"
"Hugo","Lloris","0","0","143","3004","24","20.0","664.6","2.0","6","665","68.7","15","0","0","7.9","55","GK"
"Michel","Vorm","0","0","17","416","2","0.0","70.4","0.0","0","81","6.9","2","0","0","0.3","48","GK"
"Toby","Alderweireld","1","0","120","2601","17","102.2","618.4","363.0","4","611","108.6","14","0","1","9.6","64","DEF"
"Danny","Rose","2","3","84","1530","11","371.5","387.4","237.0","6","357","99.6","8","0","8","4.3","58","DEF"
"Kyle","Walker","0","6","142","2701","21","570.5","564.0","264.0","18","640","140.2","14","0","8","27.6","62","DEF"
"Jan","Vertonghen","0","0","126","2894","21","121.1","790.8","138.0","8","733","105.1","15","0","5","7.7","58","DEF"
"Ben","Davies","1","3","90","1739","13","449.6","452.0","156.0","5","443","105.8","8","0","1","5.2","50","DEF"
"Kieran","Trippier","0","5","51","568","3","185.6","183.8","35.0","7","202","40.6","3","0","1","0.4","47","DEF"
"Kevin","Wimmer","0","0","2","357","4","14.4","39.4","0.0","0","26","5.4","0","0","3","0.1","45","DEF"
"DeAndre","Yedlin","0","0","0","0","0","0.0","0.0","0.0","0","0","0.0","0","0","0","0.2","44","DEF"
"Eric","Dier","2","0","93","3043","24","223.8","663.6","315.0","4","505","120.7","16","0","6","5.1","50","MID"
"Mousa","Dembélé","1","2","76","2056","17","409.7","407.2","121.0","6","456","94.2","11","0","5","0.5","54","MID"
"Nacer","Chadli","5","6","110","2135","32","538.8","412.0","543.0","8","359","148.7","6","0","2","1.4","58","MID"
"Erik","Lamela","1","1","28","595","2","275.2","121.8","225.0","4","93","62.2","4","0","1","3.3","66","MID"
"Christian","Eriksen","8","20","218","3159","24","1679.2","974.6","1244.0","30","798","389.7","16","0","0","17.9","89","MID"
"Nabil","Bentaleb","0","0","0","0","0","0.0","0.0","0.0","0","0","0.0","0","0","0","0.0","45","MID"
"Ryan","Mason","1","0","26","927","27","149.6","116.0","137.0","0","126","39.8","0","0","4","0.0","46","MID"
"Tom","Carroll","1","2","52","1389","18","268.2","253.8","86.0","4","243","61.0","5","0","1","2.6","41","MID"
"Bamidele","Alli","18","11","225","3036","22","778.7","969.6","1270.0","17","679","301.7","17","0","4","32.3","91","MID"
"Joshua","Onomah","0","0","5","22","0","4.4","7.4","18.0","0","17","3.0","0","0","0","0.1","42","MID"
"Victor","Wanyama","4","2","103","3012","25","486.0","609.6","480.0","7","578","157.7","12","0","10","2.9","48","MID"
"Alex","Pritchard","0","0","0","0","0","0.0","0.0","0.0","0","0","0.0","0","0","0","0.0","45","MID"
"Heung-Min","Son","14","9","174","2063","18","642.3","753.4","1161.0","13","512","255.6","10","0","2","11.0","72","MID"
"Harry","Kane","29","7","224","2523","19","548.4","1279.0","1530.0","33","920","336.0","14","0","3","23.3","119","FWD"
"Clinton","N'Jie","0","0","0","0","0","0.0","0.0","0.0","0","0","0.0","0","0","0","0.0","59","FWD"
"Vincent","Janssen","2","3","55","845","8","241.3","158.0","501.0","3","134","89.4","3","0","0","0.8","75","FWD"
"Costel","Pantilimon","0","0","2","83","4","0.0","41.6","0.0","0","20","4.1","0","0","0","0.4","42","GK"
"Heurelho","Gomes","0","0","113","3337","64","10.0","834.4","0.0","6","681","84.4","7","0","1","1.7","49","GK"
"Craig","Cathcart","0","1","31","1162","21","61.7","225.2","45.0","3","183","33.2","2","0","3","0.2","43","DEF"
"Sebastian","Prödl","1","2","67","2770","49","111.3","624.0","302.0","3","441","103.8","5","1","10","0.8","43","DEF"
"Juan Carlos","Paredes","0","0","0","0","0","0.0","0.0","0.0","0","0","0.0","0","0","0","3.8","40","DEF"
"José","Holebas","2","4","87","2905","61","567.6","666.8","211.0","9","547","144.6","7","0","14","3.0","46","DEF"
"Allan-Roméo","Nyom","0","2","74","2638","39","214.3","461.0","109.0","6","419","78.3","5","0","8","1.3","44","DEF"
"Miguel","Britos","1","2","71","2280","36","96.7","531.2","280.0","8","413","90.9","6","2","6","0.7","42","DEF"
"Christian","Kabasele","2","0","35","771","15","49.1","200.4","166.0","1","143","41.7","1","0","1","0.0","48","DEF"
"Adlène","Guédioura","0","1","26","861","20","169.2","123.6","100.0","0","131","38.7","0","0","2","0.1","42","MID"
"Etienne","Capoue","7","2","131","3204","60","696.8","577.6","513.0","14","544","178.7","7","0","5","22.9","45","MID"
"Almen","Abdi","0","0","0","0","0","0.0","0.0","0.0","0","0","0.0","0","0","0","0.0","50","MID"
"Ben","Watson","0","0","1","54","2","1.3","5.6","0.0","0","6","0.6","0","1","0","0.6","42","MID"
"Ikechi","Anya","0","0","1","10","0","0.0","0.0","0.0","0","3","0.0","0","0","0","0.0","45","MID"
"Valon","Behrami","0","0","48","2030","39","101.9","208.2","24.0","0","258","33.6","5","0","7","0.2","45","MID"
"Steven","Berghuis","0","0","0","0","0","0.0","0.0","0.0","0","0","0.0","0","0","0","0.0","50","MID"
"Nordin","Amrabat","0","3","65","2091","51","494.3","282.4","368.0","5","263","113.9","4","0","4","0.1","50","MID"
"Mario","Suárez","0","0","0","0","0","0.0","0.0","0.0","0","0","0.0","0","0","0","0.1","45","MID"
"Isaac","Success","1","1","28","519","9","96.7","146.2","225.0","0","87","46.8","1","0","2","0.0","57","MID"
"Troy","Deeney","10","4","130","2944","52","555.9","617.4","900.0","18","441","206.8","6","0","7","4.8","66","FWD"
"Odion","Ighalo","1","1","39","1291","29","173.8","93.6","440.0","2","84","70.0","2","0","1","2.4","68","FWD"
"Mamadou Obbi","Oularé","0","0","0","0","0","0.0","0.0","0.0","0","0","0.0","0","0","0","0.0","45","FWD"
"Jerome","Sinclair","0","0","6","116","1","14.3","1.0","22.0","0","11","3.5","0","0","0","0.2","48","FWD"
"Boaz","Myhill","0","0","0","0","0","0.0","0.0","0.0","0","0","0.0","0","0","0","0.4","41","GK"
"Ben","Foster","0","0","113","3420","51","20.3","767.0","5.0","4","629","79.5","6","0","2","12.6","47","GK"
"Jonny","Evans","2","1","79","2637","39","117.5","626.6","259.0","7","478","100.6","4","0","8","4.1","44","DEF"
"Jonas","Olsson","0","0","8","590","13","1.1","96.4","21.0","0","60","12.0","1","0","3","0.5","42","DEF"
"Craig","Dawson","4","0","102","3276","50","317.1","742.4","418.0","6","500","147.9","6","0","10","2.5","49","DEF"
"Sébastien","Pocognoli","0","0","0","0","0","0.0","0.0","0.0","0","0","0.0","0","0","0","0.2","40","DEF"
"Cristian","Gamboa","0","0","0","0","0","0.0","0.0","0.0","0","0","0.0","0","0","0","0.4","40","DEF"
"Gareth","McAuley","6","1","131","3140","45","74.3","913.8","367.0","14","576","135.4","7","0","5","24.7","50","DEF"
"James","Chester","0","0","0","0","0","0.0","0.0","0.0","0","0","0.0","0","0","0","0.0","45","DEF"
"Chris","Brunt","3","4","99","2477","37","674.5","509.4","340.0","11","462","153.1","4","0","5","2.3","48","DEF"
"Darren","Fletcher","2","3","103","3231","45","362.3","393.2","260.0","2","453","101.2","8","0","0","8.1","44","MID"
"Craig","Gardner","0","1","14","218","6","137.9","35.4","11.0","0","52","18.3","1","0","1","0.1","51","MID"
"James","Morrison","5","2","84","1741","22","348.9","351.0","237.0","4","328","93.7","4","0","3","1.1","43","MID"
"Claudio","Yacob","0","0","54","2418","36","108.5","346.0","33.0","0","366","49.0","4","0","9","0.2","43","MID"
"Callum","McManaman","0","0","0","0","0","0.0","0.0","0.0","0","0","0.0","0","0","0","0.1","43","MID"
"James","McClean","1","3","52","1477","24","331.3","288.6","360.0","1","236","98.2","2","0","9","0.1","48","MID"
"Jonathan","Leko","0","1","12","118","3","29.9","27.4","20.0","0","38","7.6","0","0","0","0.5","41","MID"
"Matt","Phillips","4","9","115","2181","28","508.9","463.2","458.0","12","357","142.3","6","0","2","4.0","53","MID"
"Rickie","Lambert","0","0","1","13","0","11.0","3.6","40.0","0","3","5.5","0","0","0","0.1","54","FWD"
"Saido","Berahino","0","0","26","963","13","73.5","38.4","299.0","0","50","40.0","4","0","1","0.5","60","FWD"
"Salomón","Rondón","8","3","118","2892","44","430.3","435.4","1430.0","10","287","227.8","6","0","2","4.2","63","FWD"
"Adrián","San Miguel del Castillo","0","0","64","1440","25","10.0","367.8","0.0","6","311","37.7","6","0","1","1.7","46","GK"
"Darren","Randolph","0","0","69","1980","39","0.0","484.8","0.0","5","370","48.7","4","0","1","1.3","44","GK"
"James","Collins","2","0","69","1655","29","45.4","501.0","169.0","7","364","71.6","6","0","3","4.5","42","DEF"
"Winston","Reid","2","3","102","2587","48","104.4","793.6","141.0","16","622","104.0","9","1","8","2.4","49","DEF"
"Aaron","Cresswell","0","2","60","2115","35","284.7","307.6","121.0","1","334","71.2","5","1","2","0.3","51","DEF"
"Reece","Oxford","0","0","0","0","0","0.0","0.0","0.0","0","0","0.0","0","0","0","0.3","42","DEF"
"Angelo","Ogbonna","0","0","45","1755","31","82.4","384.4","51.0","2","322","51.6","4","0","2","0.7","47","DEF"
"Sam","Byram","0","1","29","1249","27","118.2","202.2","72.0","2","198","39.4","3","1","5","0.3","42","DEF"
"Mark","Noble","3","0","71","2389","40","384.8","342.0","233.0","5","389","95.9","8","0","10","1.2","62","MID"
"Cheikhou","Kouyaté","1","1","79","2723","46","147.4","458.8","200.0","3","438","80.5","9","0","3","0.7","50","MID"
"Pedro","Obiang","1","2","55","1763","32","131.3","311.4","52.0","6","331","49.4","4","0","7","0.3","43","MID"
"Dimitri","Payet","2","8","81","1513","28","1096.6","414.0","516.0","10","347","202.6","4","0","2","6.2","90","MID"
"Manuel","Lanzini","8","3","133","2708","53","863.3","639.0","629.0","20","635","213.5","9","0","9","2.0","59","MID"
"Josh","Cullen","0","0","0","0","0","0.0","0.0","0.0","0","0","0.0","0","0","0","0.1","43","MID"
"Michail","Antonio","9","8","132","2433","43","503.1","622.4","1105.0","8","410","222.7","7","1","4","5.3","67","MID"
"Håvard","Nordtveit","0","1","31","957","20","63.3","155.4","43.0","0","160","26.1","3","0","2","0.1","47","MID"
"Sofiane","Feghouli","3","3","55","1042","23","320.2","268.0","262.0","4","220","84.9","1","1","1","0.7","50","MID"
"Gökhan","Töre","0","1","10","240","4","87.8","28.2","33.0","0","29","14.6","1","0","0","0.1","53","MID"
"Andy","Carroll","7","2","69","1312","27","220.8","351.8","620.0","6","256","119.2","3","0","3","2.0","59","FWD"
"Enner","Valencia","3","3","54","927","12","117.6","194.2","490.0","3","173","79.0","2","0","1","1.7","52","FWD"
"Diafra","Sakho","1","0","12","181","4","19.6","41.8","45.0","2","32","10.7","0","0","0","0.1","57","FWD"
"Nick","Pope","0","0","0","0","0","0.0","0.0","0.0","0","0","0.0","0","0","0","2.5","39","GK"
"Paul","Robinson","0","0","5","270","7","0.0","66.2","0.0","0","45","6.6","0","0","0","2.3","40","GK"
"Johann Berg","Gudmundsson","1","3","47","999","19","267.3","220.0","161.0","3","187","64.8","3","0","1","0.1","48","MID"
"Ragnar","Klavan","0","0","43","1410","19","52.5","308.2","78.0","4","292","44.0","3","0","3","0.6","44","DEF"
"Marko","Grujic","0","0","4","43","0","17.4","8.8","39.0","0","10","6.1","0","0","1","0.2","43","MID"
"Jason","Denayer","0","0","56","1878","30","55.1","319.2","62.0","2","320","43.7","6","0","2","0.1","47","DEF"
"Antonio","Barragán","0","0","71","2193","32","219.0","442.2","50.0","8","455","71.5","7","0","5","1.0","43","DEF"
"Álvaro","Negredo","9","5","130","2872","45","454.9","542.4","1078.0","17","436","207.1","10","0","5","10.9","61","FWD"
"Juan","Zuñiga","1","1","38","823","15","86.4","139.8","79.0","2","173","30.1","1","0","1","1.1","41","DEF"
"Tommie","Hoban","0","0","0","0","0","0.0","0.0","0.0","0","0","0.0","0","0","0","0.2","40","DEF"
"Brice","Dja Djédjé","0","0","0","0","0","0.0","0.0","0.0","0","0","0.0","0","0","0","0.0","44","DEF"
"Abdoulaye","Doucouré","1","0","38","1352","32","178.2","179.4","254.0","0","226","61.1","4","0","4","0.0","46","MID"
"Matej","Vydra","0","0","1","3","0","0.3","0.0","0.0","0","3","0.0","0","0","0","0.3","45","FWD"
"Rob","Holding","0","0","32","810","8","49.2","172.0","100.0","3","171","32.2","4","0","3","3.3","41","DEF"
"Georginio","Wijnaldum","6","9","149","2974","37","694.5","648.4","639.0","14","650","198.5","11","0","2","1.7","75","MID"
"Ramadan","Sobhi","0","2","36","855","11","137.3","104.6","149.0","1","151","38.5","5","0","2","0.5","48","MID"
"Ola","Aina","0","0","3","26","0","0.9","4.8","17.0","0","9","2.3","0","0","0","0.1","45","DEF"
"Idrissa","Gueye","1","2","80","2681","31","434.1","555.8","237.0","9","540","122.9","9","0","11","0.4","50","MID"
"Leroy","Sané","5","7","105","1781","15","505.1","397.2","632.0","8","343","153.7","9","0","4","7.5","77","MID"
"Bradley","Guzan","0","0","36","900","17","0.0","228.4","0.0","3","197","22.9","3","0","0","0.7","42","GK"
"Gastón","Ramírez","2","3","59","1539","22","509.9","287.2","364.0","6","244","115.6","6","1","8","0.5","52","MID"
"Jérémy","Pied","0","0","5","129","1","20.7","20.6","21.0","0","24","6.3","0","0","0","0.0","47","DEF"
"Chuba","Akpom","0","0","0","0","0","0.0","0.0","0.0","0","0","0.0","0","0","0","0.1","51","FWD"
"Sullay","Kaikai","0","0","1","24","0","1.8","0.0","4.0","0","1","0.5","0","0","0","0.0","45","MID"
"Mason","Holgate","0","1","54","1372","18","152.2","286.8","83.0","5","303","52.3","5","0","2","7.1","41","DEF"
"Benjamin","Chilwell","1","0","19","699","18","48.4","137.0","88.0","0","136","27.2","1","0","2","0.2","43","DEF"
"Bartosz","Kapustka","0","0","0","0","0","0.0","0.0","0.0","0","0","0.0","0","0","0","0.1","50","MID"
"Jose Angel","Esmoris Tasende","0","0","0","0","0","0.0","0.0","0.0","0","0","0.0","0","0","0","0.1","43","DEF"
"Papy","Djilobodji","0","0","24","1577","35","25.9","487.6","124.0","0","281","63.8","2","1","4","0.2","42","DEF"
"Fernando","Llorente","15","3","146","2442","51","489.6","639.8","1086.0","22","512","220.3","5","0","2","9.4","63","FWD"
"Cameron","Carter-Vickers","0","0","0","0","0","0.0","0.0","0.0","0","0","0.0","0","0","0","0.0","43","DEF"
"Daniel","Lafferty","0","0","0","0","0","0.0","0.0","0.0","0","0","0.0","0","0","0","0.3","40","DEF"
"Paul","Pogba","5","4","115","2608","21","953.5","713.0","839.0","14","512","250.0","13","0","7","7.3","82","MID"
"Jack","Stephens","0","1","60","1471","24","58.2","350.4","58.0","10","341","46.6","6","0","1","5.2","42","DEF"
"Arthur","Masuaku","0","1","34","972","24","126.7","219.8","18.0","7","253","36.4","3","0","1","0.1","47","DEF"
"Donald","Love","0","1","21","611","11","73.6","157.6","17.0","1","133","24.9","1","0","1","4.2","38","DEF"
"Borja","Bastón","1","2","32","561","11","91.9","59.0","190.0","1","83","33.1","1","0","0","0.0","66","FWD"
"Olayinka Fredrick Oladotun","Ladapo","0","0","0","0","0","0.0","0.0","0.0","0","0","0.0","0","0","0","0.0","45","FWD"
"Keshi","Anderson","0","0","0","0","0","0.0","0.0","0.0","0","0","0.0","0","0","0","0.0","45","FWD"
"Kane","Wilson","0","0","0","0","0","0.0","0.0","0.0","0","0","0.0","0","0","0","0.4","40","DEF"
"Sam","Field","0","0","9","275","1","49.0","16.4","3.0","0","50","6.7","1","0","2","0.0","43","MID"
"Tom","Davies","2","3","63","1544","17","246.1","259.0","208.0","0","248","70.9","8","0","4","2.3","44","MID"
"Harry","Winks","1","1","30","494","6","122.1","128.0","77.0","0","141","32.8","0","0","1","0.0","45","MID"
"Greg","Olley","0","0","0","0","0","0.0","0.0","0.0","0","0","0.0","0","0","0","0.0","43","MID"
"Josh","Clackstone","0","0","0","0","0","0.0","0.0","0.0","0","0","0.0","0","0","0","0.1","40","DEF"
"Jarrod","Bowen","0","0","8","181","8","17.9","3.8","36.0","0","21","5.7","0","0","0","0.1","45","FWD"
"Dusan","Kuciak","0","0","0","0","0","0.0","0.0","0.0","0","0","0.0","0","0","0","0.2","40","GK"
"Greg","Luer","0","0","0","0","0","0.0","0.0","0.0","0","0","0.0","0","0","0","0.1","44","FWD"
"Josh","Tymon","0","0","9","323","8","20.5","40.2","2.0","0","57","6.4","1","0","1","0.3","40","DEF"
"Lynden","Gooch","0","0","12","366","9","66.4","36.4","54.0","0","43","15.4","1","0","3","0.2","41","MID"
"Joel","Asoro","0","0","1","10","0","0.0","0.0","2.0","0","3","0.2","0","0","0","0.0","44","MID"
"Alex","Baptiste","0","0","0","0","0","0.0","0.0","0.0","0","0","0.0","0","0","0","0.1","40","DEF"
"Trent","Alexander-Arnold","0","0","8","167","2","20.2","32.4","48.0","0","32","10.1","0","0","0","0.0","43","MID"
"Alexander","Manninger","0","0","0","0","0","0.0","0.0","0.0","0","0","0.0","0","0","0","0.3","40","GK"
"Steven","Defour","1","3","54","1068","13","386.4","249.2","96.0","6","245","73.3","5","0","1","0.2","56","MID"
"Jonathan","Calleri","1","0","23","540","4","115.0","56.2","265.0","0","47","43.2","3","0","0","0.1","66","FWD"
"Fabio Pereira","da Silva","0","0","58","1847","30","273.9","355.8","39.0","8","347","67.1","6","0","8","0.4","42","DEF"
"Pablo","Maffeo","0","0","0","0","0","0.0","0.0","0.0","0","0","0.0","0","0","0","0.0","45","DEF"
"Luke","McGee","0","0","0","0","0","0.0","0.0","0.0","0","0","0.0","0","0","0","0.1","39","GK"
"Nathaniel","Chalobah","0","1","12","167","3","51.1","40.6","7.0","0","54","9.9","0","0","2","0.0","45","MID"
"Aiden","O'Neill","0","0","3","85","4","5.1","7.6","8.0","0","16","2.1","0","0","0","0.0","43","MID"
"Josh","Robson","0","0","0","0","0","0.0","0.0","0.0","0","0","0.0","0","0","0","0.1","40","DEF"
"Steven","Pienaar","0","0","15","802","13","134.4","90.8","98.0","0","77","32.3","2","1","5","0.0","48","MID"
"Reece","Burke","0","0","0","0","0","0.0","0.0","0.0","0","0","0.0","0","0","0","0.0","40","DEF"
"Ashley","Fletcher","0","0","16","367","13","64.2","30.6","160.0","0","33","24.4","0","0","2","0.2","50","FWD"
"Ryan","Fraser","3","9","100","1764","32","536.5","338.4","332.0","8","345","120.7","7","0","3","1.2","46","MID"
"Thomas","Robson","0","0","0","0","0","0.0","0.0","0.0","0","0","0.0","0","0","0","0.1","40","DEF"
"Javier","Manquillo","1","0","38","1430","28","98.7","242.2","66.0","0","210","40.8","2","0","2","0.0","43","DEF"
"Roberto","Pereyra","2","3","43","1036","17","239.3","168.0","141.0","2","186","54.7","3","1","2","0.2","58","MID"
"Daryl","Janmaat","2","1","50","1614","33","222.3","309.4","254.0","0","261","78.8","2","0","2","0.2","45","DEF"
"Claudio","Bravo","0","0","73","1968","26","0.0","292.2","0.0","3","366","28.9","6","0","0","1.2","50","GK"
"Edimilson","Fernandes","0","1","38","1002","18","109.9","107.8","209.0","0","148","42.3","3","0","4","0.0","47","MID"
"Hiram","Boateng","0","0","0","0","0","0.0","0.0","0.0","0","0","0.0","0","0","0","0.0","45","MID"
"Julien","Ngoy","0","0","5","49","1","12.1","7.4","46.0","0","16","6.5","0","0","0","0.1","45","FWD"
"Ben","Hinchcliffe","0","0","0","0","0","0.0","0.0","0.0","0","0","0.0","0","0","0","0.0","45","FWD"
"Oliver","McBurnie","0","0","5","82","5","33.0","8.0","39.0","0","17","8.0","0","0","0","0.1","45","FWD"
"Maksymilian","Stryjek","0","0","0","0","0","0.0","0.0","0.0","0","0","0.0","0","0","0","0.1","40","GK"
"Jack","Rose","0","0","0","0","0","0.0","0.0","0.0","0","0","0.0","0","0","0","0.2","40","GK"
"Lucas","Pérez","1","1","20","272","2","105.4","65.4","163.0","0","83","32.9","1","0","0","0.1","78","FWD"
"Simone","Zaza","0","0","10","459","14","112.4","16.4","207.0","0","21","32.9","2","0","2","0.1","60","FWD"
"Sofiane","Boufal","1","1","40","1104","22","328.6","197.0","265.0","1","160","78.6","3","0","5","0.1","67","MID"
"Stefano","Okaka","4","0","43","959","23","179.6","197.6","494.0","3","157","87.1","2","0","5","0.1","51","FWD"
"Patrick","Bamford","1","0","21","326","8","26.9","51.0","139.0","2","59","21.5","0","0","1","0.1","49","FWD"
"David","Marshall","0","0","32","1440","44","0.3","423.0","0.0","0","262","42.3","0","0","0","0.1","44","GK"
"Shkodran","Mustafi","2","2","90","2274","30","159.7","598.2","364.0","8","513","112.4","8","0","11","1.4","58","DEF"
"Adrian","Mariappa","0","0","15","562","13","12.7","162.6","26.0","3","121","20.1","1","0","0","0.4","40","DEF"
"Will","Keane","0","0","8","280","10","50.1","2.8","39.0","0","9","8.3","1","0","0","0.2","44","FWD"
"Alfie","Mawson","4","0","94","2430","45","62.0","678.0","302.0","9","541","104.2","7","0","1","1.9","46","DEF"
"Didier","Ndong","1","1","67","2520","48","310.1","340.4","140.0","1","397","78.9","5","0","5","0.0","48","MID"
"Jeff","Hendrick","2","1","76","2691","47","234.4","284.6","259.0","1","286","77.4","9","1","6","0.1","53","MID"
"Marcos","Alonso","6","5","177","2693","19","420.4","618.2","536.0","11","675","157.6","15","0","2","16.0","69","DEF"
"Bruno","Martins Indi","1","0","106","3146","50","34.4","682.6","266.0","9","634","98.6","11","0","4","0.7","49","DEF"
"Adama","Traoré","0","1","52","1543","22","320.5","283.2","176.0","2","264","77.9","6","0","1","0.1","48","MID"
"Pau","López Sabata","0","0","0","0","0","0.0","0.0","0.0","0","0","0.0","0","0","0","0.0","49","GK"
"Georges-Kévin","Nkoudou","0","0","8","54","0","7.7","17.0","26.0","0","25","5.2","0","0","0","0.0","68","MID"
"James","Weir","0","0","0","0","0","0.0","0.0","0.0","0","0","0.0","0","0","0","0.0","43","MID"
"Islam","Slimani","7","4","83","1281","23","268.4","338.2","516.0","9","271","111.3","5","0","1","0.6","82","FWD"
"Álvaro","Arbeloa","0","0","0","258","9","32.5","37.0","3.0","0","34","7.3","0","0","3","0.1","45","DEF"
"Dieumerci","Mbokani","0","2","27","764","16","107.3","52.4","235.0","0","43","39.6","3","0","0","0.0","54","FWD"
"David","Luiz Moreira Marinho","1","1","132","2954","26","158.1","651.0","280.0","10","675","109.1","15","0","6","5.0","62","DEF"
"Hal","Robson-Kanu","3","2","52","701","13","130.7","166.2","255.0","3","144","53.8","1","0","3","0.3","50","FWD"
"Moussa","Sissoko","0","3","43","909","5","274.2","133.0","212.0","0","162","61.0","4","0","3","0.1","66","MID"
"Markus","Henriksen","0","0","20","638","13","62.9","52.4","60.0","0","75","17.4","0","0","1","0.0","49","MID"
"Lee","Grant","0","0","106","2520","34","0.0","644.0","0.0","9","546","64.7","9","0","1","6.5","43","GK"
"Victor","Anichebe","3","1","48","1219","21","195.3","210.4","505.0","5","166","90.4","3","0","2","2.2","43","FWD"
"Mathieu","Flamini","0","0","12","274","6","13.7","33.0","13.0","0","47","5.9","0","0","0","0.1","42","MID"
"Michael","Simões Domingues","0","0","0","0","0","0.0","0.0","0.0","0","0","0.0","0","0","0","0.0","44","GK"
"Aleix","García Serrano","0","0","4","77","2","19.1","14.0","0.0","0","25","3.4","0","0","0","0.0","50","MID"
"Jonathan","Benteke","0","0","1","7","0","0.3","5.0","9.0","0","3","1.4","0","0","0","0.4","43","FWD"
"Ezekiel","Fryers","0","1","9","188","7","36.3","41.6","8.0","0","38","8.6","0","0","0","0.0","45","DEF"
"Luke","Dreher","0","0","0","0","0","0.0","0.0","0.0","0","0","0.0","0","0","0","0.0","44","MID"
"Oviemuno","Ejaria","0","0","2","8","0","1.3","0.0","2.0","0","6","0.3","0","0","0","0.0","44","MID"
"Ben","Hamer","0","0","0","0","0","0.0","0.0","0.0","0","0","0.0","0","0","0","0.0","43","GK"
"Lloyd","Isgrove","0","0","0","0","0","0.0","0.0","0.0","0","0","0.0","0","0","0","0.0","44","MID"
"Ben","Wynter","0","0","0","0","0","0.0","0.0","0.0","0","0","0.0","0","0","0","0.1","40","DEF"
"Jake","Hesketh","0","0","0","0","0","0.0","0.0","0.0","0","0","0.0","0","0","0","0.0","45","MID"
"George","Honeyman","0","0","7","235","4","42.7","34.2","29.0","0","30","10.6","1","0","1","0.0","45","MID"
"Jeff","Reine-Adelaide","0","0","0","0","0","0.0","0.0","0.0","0","0","0.0","0","0","0","0.0","45","MID"
"Olufela","Olomola","0","0","0","0","0","0.0","0.0","0.0","0","0","0.0","0","0","0","0.0","44","MID"
"Dominic","Solanke","0","0","0","0","0","0.0","0.0","0.0","0","0","0.0","0","0","0","0.0","50","FWD"
"Raphael","Spiegel","0","0","0","0","0","0.0","0.0","0.0","0","0","0.0","0","0","0","0.2","40","GK"
"Sam","McQueen","0","1","23","616","9","58.4","123.6","25.0","0","132","20.8","1","0","0","0.1","42","MID"
"Ainsley","Maitland-Niles","0","0","1","2","0","0.0","2.2","0.0","0","5","0.2","0","0","0","0.0","45","MID"
"Kevin","Long","0","0","3","270","6","0.2","56.4","4.0","0","39","6.1","0","0","0","0.1","40","DEF"
"Dominic","Calvert-Lewin","1","0","17","347","7","10.0","53.2","82.0","1","46","14.1","0","0","1","0.1","45","FWD"
"Mateusz","Hewelt","0","0","0","0","0","0.0","0.0","0.0","0","0","0.0","0","0","0","0.1","40","GK"
"Stuart","Taylor","0","0","0","0","0","0.0","0.0","0.0","0","0","0.0","0","0","0","0.1","40","GK"
"Daniel","James","0","0","0","0","0","0.0","0.0","0.0","0","0","0.0","0","0","0","0.0","45","MID"
"Thibaud","Verlinden","0","0","0","0","0","0.0","0.0","0.0","0","0","0.0","0","0","0","0.0","45","MID"
"Ryan","Allsop","0","0","3","90","1","0.0","33.8","0.0","0","17","3.4","0","0","0","0.1","40","GK"
"Alex","Palmer","0","0","0","0","0","0.0","0.0","0.0","0","0","0.0","0","0","0","0.0","40","GK"
"Matthew","James","0","0","1","1","0","0.0","0.0","0.0","0","3","0.0","0","0","0","0.0","45","MID"
"Ben","Woodburn","0","0","5","86","1","12.6","7.4","34.0","0","14","5.4","0","0","0","0.0","43","MID"
"Joshua","Sims","0","1","12","211","1","38.2","41.8","83.0","0","48","16.3","1","0","0","0.3","41","MID"
"Andrew","Eleftheriou","0","0","0","52","2","0.8","5.2","0.0","0","4","0.6","0","0","0","0.0","40","DEF"
"Michael","Phillips","0","0","0","0","0","0.0","0.0","0.0","0","0","0.0","0","0","0","0.0","45","MID"
"Oluwatosin","Adarabioyo","0","0","0","0","0","0.0","0.0","0.0","0","0","0.0","0","0","0","0.0","45","DEF"
"Alex","Pike","0","0","0","0","0","0.0","0.0","0.0","0","0","0.0","0","0","0","0.0","40","DEF"
"Marcus","Browne","0","0","0","0","0","0.0","0.0","0.0","0","0","0.0","0","0","0","0.0","45","MID"
"Domingos","Quina","0","0","0","0","0","0.0","0.0","0.0","0","0","0.0","0","0","0","0.0","45","MID"
"Noor","Husin","0","0","0","0","0","0.0","0.0","0.0","0","0","0.0","0","0","0","0.0","45","MID"
"Aaron","Wan-Bissaka","0","0","0","0","0","0.0","0.0","0.0","0","0","0.0","0","0","0","0.0","45","MID"
"Josh","Maja","0","0","0","0","0","0.0","0.0","0.0","0","0","0.0","0","0","0","0.1","45","FWD"
"Rekeem","Harper","0","0","0","0","0","0.0","0.0","0.0","0","0","0.0","0","0","0","0.0","45","MID"
"Ethan","Robson","0","0","0","0","0","0.0","0.0","0.0","0","0","0.0","0","0","0","0.0","45","MID"
"Jonjoe","Kenny","0","0","1","13","0","0.6","0.0","0.0","0","2","0.0","0","0","0","0.0","40","DEF"
"Elliot","Embleton","0","0","0","0","0","0.0","0.0","0.0","0","0","0.0","0","0","0","0.0","44","MID"
"Declan","Rice","0","0","1","1","0","0.3","0.6","0.0","0","3","0.1","0","0","0","0.0","45","MID"
"Charlie","Rowan","0","0","0","0","0","0.0","0.0","0.0","0","0","0.0","0","0","0","0.0","40","DEF"
"Michael","Folivi","0","0","1","10","0","0.1","0.0","0.0","0","2","0.0","0","0","0","0.0","45","FWD"
"Brandon","Mason","0","0","1","113","5","0.8","11.4","0.0","0","13","1.2","0","0","0","0.1","39","DEF"
"Carl","Stewart","0","0","0","0","0","0.0","0.0","0.0","0","0","0.0","0","0","0","0.0","45","MID"
"Harry","Lewis","0","0","0","0","0","0.0","0.0","0.0","0","0","0.0","0","0","0","0.0","40","GK"
"Michael","Ledger","0","0","0","0","0","0.0","0.0","0.0","0","0","0.0","0","0","0","0.0","40","DEF"
"Gabriel Fernando","de Jesus","7","4","67","651","5","165.9","335.8","436.0","12","258","92.9","3","0","2","14.7","91","FWD"
"Joey","Barton","1","2","37","1105","16","147.4","184.8","86.0","0","205","41.9","4","0","4","0.1","41","MID"
"Ademola","Lookman","1","0","16","289","2","15.5","55.8","193.0","0","33","26.1","1","0","0","0.0","50","MID"
"Wilfred","Ndidi","2","3","59","1521","28","93.8","313.6","357.0","2","288","76.4","4","0","0","0.7","46","MID"
"Rudy","Gestede","1","0","21","533","12","148.4","79.4","254.0","0","80","48.1","1","0","3","0.1","45","FWD"
"Evandro","Goebel","0","0","18","576","10","171.0","42.4","20.0","0","88","23.2","3","0","1","0.0","49","MID"
"Joel","Taylor","0","0","0","0","0","0.0","0.0","0.0","0","0","0.0","0","0","0","0.0","40","DEF"
"Luciano","Narsingh","0","3","25","416","8","105.7","74.4","60.0","0","75","23.9","1","0","0","0.0","51","MID"
"Martin","Olsson","2","0","52","1252","18","149.5","262.0","114.0","3","234","52.6","4","0","2","0.8","41","DEF"
"Omar","Elabdellaoui","0","0","13","615","16","70.4","84.6","8.0","0","111","16.4","1","0","0","0.0","44","DEF"
"Joleon","Lescott","0","0","1","124","5","0.3","39.0","0.0","0","14","3.9","0","0","0","0.3","39","DEF"
"Mauro","Zárate","0","1","8","204","3","52.8","18.8","71.0","0","27","14.3","0","0","0","0.0","52","FWD"
"M'Baye","Niang","2","2","49","1246","27","186.3","190.0","364.0","6","183","73.4","3","0","2","0.4","58","FWD"
"Andrea","Ranocchia","2","2","55","1330","31","39.0","444.4","158.0","9","299","64.2","3","0","2","1.3","45","DEF"
"Giedrius","Arlauskis","0","0","0","0","0","0.0","0.0","0.0","0","0","0.0","0","0","0","0.0","40","GK"
"Robbie","Brady","1","3","39","719","11","253.0","151.2","116.0","4","143","51.6","1","0","1","0.2","55","MID"
"Ashley","Westwood","0","0","13","551","9","64.3","50.8","2.0","0","68","11.8","1","0","3","0.0","45","MID"
"Jordan","Ayew","1","4","39","867","7","122.5","141.0","219.0","2","122","47.9","5","0","1","0.6","50","FWD"
"Manolo","Gabbiadini","4","1","38","724","12","85.0","165.6","432.0","4","124","67.8","3","0","1","6.5","64","FWD"
"Alfred","N'Diaye","1","0","34","1273","30","98.3","158.8","137.0","2","177","39.1","4","0","7","0.8","41","MID"
"Molla","Wagué","0","0","0","0","0","0.0","0.0","0.0","0","0","0.0","0","0","0","0.0","44","DEF"
"Luka","Milivojevic","2","0","42","1224","16","96.5","192.4","130.0","3","169","41.8","5","0","4","0.1","50","MID"
"Kamil","Grosicki","0","5","43","1143","27","360.9","133.6","309.0","0","132","80.3","3","0","1","0.2","55","MID"
"Thomas","Edwards","0","0","0","0","0","0.0","0.0","0.0","0","0","0.0","0","0","0","0.0","40","DEF"
"Baily","Cargill","0","0","1","13","0","0.0","4.2","0.0","0","5","0.4","0","0","0","0.0","40","DEF"
"Mouez","Hassen","0","0","0","0","0","0.0","0.0","0.0","0","0","0.0","0","0","0","0.0","40","GK"
"Daniel","Agyei","0","0","3","25","0","0.3","1.0","11.0","0","6","0.8","0","0","0","0.0","45","FWD"
"Martín","Cáceres","0","0","2","90","1","1.1","19.6","6.0","0","16","2.7","0","0","0","0.0","50","DEF"
"Harry","Wilson","0","0","0","0","0","0.0","0.0","0.0","0","0","0.0","0","0","0","0.0","45","MID"
"Connor","Roberts","0","0","0","0","0","0.0","0.0","0.0","0","0","0.0","0","0","0","0.0","40","DEF"
"Matthew","Willock","0","0","0","0","0","0.0","0.0","0.0","0","0","0.0","0","0","0","0.0","45","MID"
"Axel","Tuanzebe","0","0","14","303","4","27.7","32.6","18.0","0","69","7.8","2","0","0","0.3","40","DEF"
"Damian Emiliano","Martinez","0","0","8","180","3","0.0","30.6","0.0","0","35","3.1","1","0","0","0.6","39","GK"
"Joe","Williams","0","0","0","0","0","0.0","0.0","0.0","0","0","0.0","0","0","0","0.0","45","MID"
"Dion","Pereira","0","0","2","25","1","14.6","4.2","4.0","0","6","2.3","0","0","0","0.0","45","MID"
"Matt","Macey","0","0","0","0","0","0.0","0.0","0.0","0","0","0.0","0","0","0","0.0","40","GK"
"James","Husband","0","0","0","58","3","1.5","1.2","0.0","0","3","0.3","0","0","0","0.0","40","DEF"
"Joel Dinis","Castro Pereira","0","0","6","90","0","0.0","7.4","0.0","0","23","0.7","1","0","0","0.1","40","GK"
"Eduardo","Dos Reis Carvalho","0","0","0","0","0","0.0","0.0","0.0","0","0","0.0","0","0","0","0.0","45","GK"
"Moses","Makasi","0","0","0","0","0","0.0","0.0","0.0","0","0","0.0","0","0","0","0.0","45","MID"
"Nathan","Holland","0","0","0","0","0","0.0","0.0","0.0","0","0","0.0","0","0","0","0.0","45","MID"
"Rhian","Brewster","0","0","0","0","0","0.0","0.0","0.0","0","0","0.0","0","0","0","0.0","45","FWD"
"Scott","McTominay","0","0","3","97","0","19.1","22.2","17.0","0","16","5.8","1","0","1","0.0","45","MID"
"Angus","Gunn","0","0","0","0","0","0.0","0.0","0.0","0","0","0.0","0","0","0","0.0","40","GK"
"Demetri","Mitchell","0","0","8","90","0","31.6","24.8","0.0","2","35","5.6","1","0","0","0.0","40","DEF"
"Elliott","Moore","0","0","0","0","0","0.0","0.0","0.0","0","0","0.0","0","0","0","0.0","40","DEF"
"Filip","Lesniak","0","1","4","5","0","11.2","18.6","0.0","0","14","3.0","0","0","0","0.0","45","MID"
"Samuel","Shashoua","0","0","0","0","0","0.0","0.0","0.0","0","0","0.0","0","0","0","0.0","45","MID"
"Zachary","Dearnley","0","0","0","0","0","0.0","0.0","0.0","0","0","0.0","0","0","0","0.0","45","MID"
"Joshua","Harrop","1","0","8","90","0","20.2","36.2","21.0","0","32","7.7","1","0","0","0.0","45","MID"
"Daniel","Kemp","0","0","0","0","0","0.0","0.0","0.0","0","0","0.0","0","0","0","0.0","45","MID"
"Daniel","Batty","0","0","0","0","0","0.0","0.0","0.0","0","0","0.0","0","0","0","0.0","45","MID"
"Aaron","Ramsdale","0","0","0","0","0","0.0","0.0","0.0","0","0","0.0","0","0","0","0.0","40","GK"
"Matthew","Worthington","0","0","1","17","0","0.7","1.0","0.0","0","3","0.2","0","0","0","0.0","45","MID"
"Sam","Surridge","0","0","0","0","0","0.0","0.0","0.0","0","0","0.0","0","0","0","0.0","45","FWD"
"Angel","Gomes","0","0","1","3","0","3.8","0.8","0.0","0","2","0.5","0","0","0","0.0","45","MID"
"Kieran","O'Hara","0","0","0","0","0","0.0","0.0","0.0","0","0","0.0","0","0","0","0.0","40","GK"
"Gerhard","Tremmel","0","0","0","0","0","0.0","0.0","0.0","0","0","0.0","0","0","0","0.0","40","GK"
"Rene","Gilmartin","0","0","0","0","0","0.0","0.0","0.0","0","0","0.0","0","0","0","0.0","40","GK"
